{"view": [0.0, -0.5449883937835693, 0.8384436964988708, 0.0, 1.0, 0.0, -0.0, 0.0, -0.0, 0.8384436964988708, 0.5449883937835693, 0.0, -0.0, -0.04192221164703369, -1.2199355363845825, 1.0], "proj": [1.0711108446121216, 0.0, 0.0, 0.0, 0.0, 1.4281479120254517, 0.0, 0.0, 0.0, 0.0, -1.0100502967834473, -1.0, 0.0, 0.0, -0.02010050229728222, 0.0]}